﻿<?xml version="1.0" encoding="utf-8"?>
<publishData>
  <publishProfile publishUrl="E:\Publish\UniversalSurgicals_Corp_Website\USCW_May24th2016(1)(Production Deploy)" deleteExistingFiles="False" ftpAnonymousLogin="False" ftpPassiveMode="True" msdeploySite="" msdeploySiteID="" msdeployRemoteSitePhysicalPath="" msdeployAllowUntrustedCertificate="False" msdeploySkipExtraFilesOnServer="True" msdeployMarkAsApp="False" profileName="Profile1" publishMethod="FileSystem" replaceMatchingFiles="True" userName="" savePWD="False" userPWD="" SelectedForPublish="True">
    <file relUrl="images/logo3.png" publishTime="03/16/2016 14:38:42" />
    <file relUrl="images/banner/p3.jpg" publishTime="03/16/2016 14:38:42" />
    <file relUrl="css/hover-min.css" publishTime="03/16/2016 14:38:41" />
    <file relUrl="Contact.aspx" publishTime="05/24/2016 15:01:11" />
    <file relUrl="PrivacyPolicy.html" publishTime="05/24/2016 15:01:11" />
    <file relUrl="bin/UniversalSurgicals.BusinessEntities.dll" publishTime="05/24/2016 16:38:39" />
    <file relUrl="js/fancybox/fancybox_loading@2x.gif" publishTime="04/06/2016 18:06:06" />
    <file relUrl="js/fancybox/jquery.fancybox.pack.js" publishTime="04/06/2016 18:06:06" />
    <file relUrl="js/jquery.bxslider.min.js" publishTime="03/16/2016 14:38:41" />
    <file relUrl="RequestService.aspx" publishTime="05/24/2016 15:01:10" />
    <file relUrl="images/color01.png" publishTime="03/16/2016 14:38:42" />
    <file relUrl="images/bg_play_pause.png" publishTime="03/16/2016 14:38:42" />
    <file relUrl="js/jquery.placeholder.js" publishTime="03/16/2016 14:38:40" />
    <file relUrl="js/fancybox/fancybox_loading.gif" publishTime="04/06/2016 18:06:06" />
    <file relUrl="images/banner/l5.png" publishTime="03/16/2016 14:38:42" />
    <file relUrl="images/fancybox_overlay.png" publishTime="03/16/2016 14:38:42" />
    <file relUrl="Web.config" publishTime="05/24/2016 16:41:58" />
    <file relUrl="feedback.aspx" publishTime="05/24/2016 15:01:11" />
    <file relUrl="images/client5.png" publishTime="03/16/2016 14:38:42" />
    <file relUrl="images/client6.png" publishTime="03/16/2016 14:38:42" />
    <file relUrl="css/responsive.css" publishTime="04/05/2016 17:15:39" />
    <file relUrl="images/NoImageAvailable.jpg" publishTime="04/07/2016 17:55:09" />
    <file relUrl="css/flexslider.css" publishTime="03/16/2016 14:38:41" />
    <file relUrl="images/logo2.png" publishTime="03/16/2016 14:38:42" />
    <file relUrl="images/map1.png" publishTime="03/16/2016 14:38:42" />
    <file relUrl="applyjob.html" publishTime="05/24/2016 15:01:12" />
    <file relUrl="js/jquery.isotope.js" publishTime="03/16/2016 14:38:40" />
    <file relUrl="js/fancybox/blank.gif" publishTime="04/06/2016 18:06:06" />
    <file relUrl="js/jqBootstrapValidation.js" publishTime="03/16/2016 14:38:41" />
    <file relUrl="images/banner/banner - Copy.jpg" publishTime="03/16/2016 14:38:42" />
    <file relUrl="images/client8.png" publishTime="03/16/2016 14:38:42" />
    <file relUrl="viewevent.html" publishTime="05/24/2016 15:01:07" />
    <file relUrl="images/client4.png" publishTime="03/16/2016 14:38:42" />
    <file relUrl="css/owl.carousel.css" publishTime="03/16/2016 14:38:41" />
    <file relUrl="css/font-awesome.css" publishTime="03/16/2016 14:38:41" />
    <file relUrl="feedback.html" publishTime="05/24/2016 15:01:11" />
    <file relUrl="js/owl.carousel.min.js" publishTime="03/16/2016 14:38:41" />
    <file relUrl="js/fancybox/jquery.mousewheel.pack.js" publishTime="04/06/2016 18:06:06" />
    <file relUrl="images/glyphicons-halflings-white.png" publishTime="03/16/2016 14:38:42" />
    <file relUrl="images/fancybox_loading@2x.gif" publishTime="03/16/2016 14:38:42" />
    <file relUrl="js/jquery.counterup.min.js" publishTime="03/16/2016 14:38:41" />
    <file relUrl="API/WebService.asmx" publishTime="03/16/2016 14:38:41" />
    <file relUrl="images/client7.png" publishTime="03/16/2016 14:38:42" />
    <file relUrl="css/jquery.bxslider.css" publishTime="03/16/2016 14:38:41" />
    <file relUrl="Events_Old.html" publishTime="05/24/2016 15:01:11" />
    <file relUrl="images/fancybox_loading.gif" publishTime="03/16/2016 14:38:42" />
    <file relUrl="bin/UniversalSurgicals.BusinessEntities.pdb" publishTime="05/24/2016 16:38:39" />
    <file relUrl="bin/Newtonsoft.Json.dll" publishTime="03/16/2016 14:38:43" />
    <file relUrl="RequestService.html" publishTime="05/24/2016 15:01:10" />
    <file relUrl="bin/Newtonsoft.Json.xml" publishTime="03/16/2016 14:38:43" />
    <file relUrl="images/glyphicons-halflings.png" publishTime="03/16/2016 14:38:42" />
    <file relUrl="js/bootstrap.js" publishTime="03/16/2016 14:38:41" />
    <file relUrl="js/custom.js" publishTime="05/19/2016 12:53:02" />
    <file relUrl="js/isotope.js" publishTime="03/16/2016 14:38:40" />
    <file relUrl="js/fancybox/fancybox_overlay.png" publishTime="04/06/2016 18:06:06" />
    <file relUrl="Career.html" publishTime="05/24/2016 15:01:12" />
    <file relUrl="fonts/glyphicons-halflings-regular.svg" publishTime="03/16/2016 14:38:41" />
    <file relUrl="index.html" publishTime="05/24/2016 15:01:11" />
    <file relUrl="packages.config" publishTime="03/16/2016 14:38:41" />
    <file relUrl="images/controls.png" publishTime="03/16/2016 14:38:42" />
    <file relUrl="js/bootstrap.min.js" publishTime="03/16/2016 14:38:41" />
    <file relUrl="css/hover.css" publishTime="03/16/2016 14:38:41" />
    <file relUrl="About.html" publishTime="05/24/2016 15:01:12" />
    <file relUrl="images/fancybox_sprite@2x.png" publishTime="03/16/2016 14:38:42" />
    <file relUrl="js/fancybox/helpers/fancybox_buttons.png" publishTime="04/06/2016 18:06:06" />
    <file relUrl="images/client1.png" publishTime="03/16/2016 14:38:42" />
    <file relUrl="images/client2.png" publishTime="03/16/2016 14:38:42" />
    <file relUrl="Placeorder.html" publishTime="05/24/2016 15:01:11" />
    <file relUrl="bin/UniversalWebsite.pdb" publishTime="05/24/2016 16:38:42" />
    <file relUrl="css/custom.css" publishTime="04/19/2016 14:52:32" />
    <file relUrl="js/fancybox/helpers/jquery.fancybox-buttons.css" publishTime="04/06/2016 18:06:06" />
    <file relUrl="images/banner/p10.jpg" publishTime="03/16/2016 14:38:42" />
    <file relUrl="images/banner/banner.jpg" publishTime="03/16/2016 14:38:42" />
    <file relUrl="css/animate.css" publishTime="04/12/2016 12:01:00" />
    <file relUrl="images/banner/p5.jpg" publishTime="03/16/2016 14:38:42" />
    <file relUrl="css/bootstrap.min.css" publishTime="03/16/2016 14:38:41" />
    <file relUrl="images/blank.gif" publishTime="03/16/2016 14:38:42" />
    <file relUrl="Events.html" publishTime="05/24/2016 15:01:12" />
    <file relUrl="TermsofUse.html" publishTime="05/19/2016 12:53:02" />
    <file relUrl="images/pic2.jpg" publishTime="03/16/2016 14:38:42" />
    <file relUrl="js/fancybox/fancybox_sprite.png" publishTime="04/06/2016 18:06:06" />
    <file relUrl="images/banner/v-overlay.png" publishTime="03/16/2016 14:38:42" />
    <file relUrl="favicon.ico" publishTime="03/16/2016 14:58:04" />
    <file relUrl="js/jquery.bxslider.js" publishTime="04/05/2016 17:57:02" />
    <file relUrl="images/fancybox_sprite.png" publishTime="03/16/2016 14:38:42" />
    <file relUrl="images/Events.jpg" publishTime="03/16/2016 16:41:51" />
    <file relUrl="images/back-top.png" publishTime="03/16/2016 14:38:42" />
    <file relUrl="css/style.css" publishTime="04/19/2016 14:13:11" />
    <file relUrl="js/smooth-scroll.js" publishTime="03/16/2016 14:38:41" />
    <file relUrl="images/client3.png" publishTime="03/16/2016 14:38:42" />
    <file relUrl="css/font-awesome.min.css" publishTime="03/16/2016 14:38:41" />
    <file relUrl="viewjob.html" publishTime="05/24/2016 15:01:06" />
    <file relUrl="Global.asax" publishTime="03/16/2016 14:38:41" />
    <file relUrl="js/fancybox/fancybox_sprite@2x.png" publishTime="04/06/2016 18:06:06" />
    <file relUrl="bin/UniversalWebsite.dll" publishTime="05/24/2016 16:38:42" />
    <file relUrl="js/jquery.singlePageNav.js" publishTime="03/16/2016 14:38:40" />
    <file relUrl="js/jquery.easing.1.3.js" publishTime="03/16/2016 14:38:41" />
    <file relUrl="js/fancybox/helpers/jquery.fancybox-buttons.js" publishTime="04/06/2016 18:06:06" />
    <file relUrl="images/products.jpg" publishTime="03/16/2016 14:38:42" />
    <file relUrl="fonts/fontawesome-webfont.svg" publishTime="03/16/2016 14:38:41" />
    <file relUrl="images/Events.png" publishTime="03/16/2016 17:12:36" />
    <file relUrl="js/fancybox/jquery.fancybox.css" publishTime="04/11/2016 12:59:16" />
    <file relUrl="Contact.html" publishTime="05/24/2016 15:01:11" />
    <file relUrl="images/pic1.jpg" publishTime="03/16/2016 14:38:42" />
    <file relUrl="images/pic3.jpg" publishTime="03/16/2016 14:38:42" />
    <file relUrl="Products.html" publishTime="05/24/2016 15:01:11" />
    <file relUrl="js/jquery.js" publishTime="03/16/2016 14:38:41" />
    <file relUrl="images/banner/overaly.png" publishTime="03/16/2016 14:38:42" />
  </publishProfile>
</publishData>